archivo;url_publica;fecha;vista;dimensiones_reales
capturas/01-inicio-escritorio.jpg;https://cdmenciana.es/;2026-10-06;Escritorio;1142 × 787 px
capturas/02-calendario-escritorio.jpg;https://cdmenciana.es/calendario/;2026-10-06;Escritorio;1265 × 712 px
capturas/03-calendario-lista-escritorio.jpg;https://cdmenciana.es/calendario/?categoria=primer-equipo&mes=2026-10&vista=lista;2026-10-06;Escritorio;1265 × 712 px
capturas/04-equipos-escritorio.jpg;https://cdmenciana.es/equipos/;2026-10-06;Escritorio;1265 × 712 px
capturas/05-club-escritorio.jpg;https://cdmenciana.es/club/;2026-10-06;Escritorio;1265 × 712 px
capturas/06-galeria-escritorio.jpg;https://cdmenciana.es/galerias/victoria-derbi-cd-santaella-2-0-galeria/;2026-10-06;Escritorio;1265 × 712 px
capturas/07-noticia-escritorio.jpg;https://cdmenciana.es/noticias/victoria-derbi-cd-santaella-2-0/;2026-10-06;Escritorio;1265 × 712 px
capturas/08-inicio-movil.jpg;https://cdmenciana.es/;2026-10-06;Móvil;375 × 811 px
capturas/09-calendario-movil.jpg;https://cdmenciana.es/calendario/;2026-10-06;Móvil;375 × 811 px
capturas/10-proximo-partido-movil.jpg;https://cdmenciana.es/calendario/;2026-10-06;Móvil;375 × 811 px
capturas/11-equipos-movil.jpg;https://cdmenciana.es/equipos/;2026-10-06;Móvil;375 × 811 px
capturas/12-club-movil.jpg;https://cdmenciana.es/club/;2026-10-06;Móvil;375 × 811 px
capturas/13-galeria-movil.jpg;https://cdmenciana.es/galerias/victoria-derbi-cd-santaella-2-0-galeria/;2026-10-06;Móvil;375 × 811 px
capturas/14-noticia-movil.jpg;https://cdmenciana.es/noticias/victoria-derbi-cd-santaella-2-0/;2026-10-06;Móvil;375 × 811 px
capturas/15-ficha-partido-escritorio.jpg;https://cdmenciana.es/calendario/;2026-10-06;Escritorio;1265 × 712 px
